feedback_text,sentiment
I find the the class very engaging and the lecturer uses superb examples,positive
The instructor covers the required curriculum though additional examples would help students,neutral
The professor never guides students and is rarely available for consultation,negative
The curriculum is inadequate and the study materials provided are poor,negative
The professor guides students skillfully and is always available for doubt clarification,positive
The instructor helps students perfectly and is always available for doubt clarification,positive
They are doing there job well,positive
The institution has excellent infrastructure and the facilities support learning well,positive
all the given terms are good regarding the university,positive
Overall the material provided in this the module is very good and very relevant,positive
The the class are so good I actually look forward to coming to college every day,positive
They are conducted in proper way.,positive
Fine,positive
Everything is pretty well organised,positive
The college provides great academic support and the faculty is very approachable,positive
I am quite stressed with the way the module has been managed this semester,negative
The prof explains everything so well tbh I have never understood content this clearly,positive
library facilities are good . Every book is available in the library,positive
satisfactory.,positive
fully knowledgeable,positive
it is very nice and timings of library is good 5/5,positive
poor,negative
very good,positive
The instructor conducts syllabus patiently and makes every lecture engaging,positive
extracurrcular activities held in university is good.,positive
The professor connects theory with real world applications thoroughly in every session,positive
The the lesson are alright I guess nothing special though nothing terrible either tbh,neutral
No feedback is ever given on homework which defeats the entire purpose of submitting them,negative
interaction of some faculty was good but not all faculty..,neutral
the best pattern of examination are in lpu .,positive
The institution has horrible infrastructure and basic facilities are not maintained,negative
The faculty member teaches without any enthusiasm which makes students completely disengaged,negative
I appreciate how the teacher encourages questions and makes the classroom environment comfortable,positive
It's good,positive
The grading is mediocre that said the criteria could be made more transparent and clear,neutral
The teacher is punctual and sessions always start on time without any delays,positive
"Exam pattren is good, marks distribution is also good bt paper cheacking is very tight.",positive
"too many examination, we are frustrated",negative
interaction is good but not with mostly male lecturers.punctuality is maintained by everyone but lecture delivery not peak quality.,neutral
The workshop are well organised and the instructor explains procedures patiently,positive
Very good teaching and management but too much load on student and working hours,neutral
The prof explains content a however there is room for improvement,neutral
The material is inadequate and the study materials provided are awful,negative
Books are heavily outnumbered when compared to number of students this is the only problem with library.,neutral
good teaching delivery,positive
The instructor connects theory with real world applications perfectly in every session,positive
books are less,negative
Everything is going fine in lab . learning new things. That is good for us,positive
The prof delivers content ineffectively and students are always confused,negative
The prof covers with great enthusiasm which keeps students motivated,positive
rough handling,negative
The internal is okay in difficulty however feedback after results is almost nonexistent,neutral
I am really enjoying,positive
Extracurricular activities are good and provide a  good platform.,positive
It is very gud,positive
I dread attending classes because the teacher makes every topic more confusing,negative
Hardworking,positive
library is very well managed and provide needed facilities to us,positive
Teaching quality is decent despite this some topics are explained much better than others,neutral
The professor sometimes engages students well however other times the delivery is very dull,neutral
all books are not available,negative
Quite a lot of events are organized and students have a all round growth which is a nice thing.,positive
The prof is mostly punctual although the lesson sometimes start a bit late,neutral
The faculty member assists students thoroughly and is always available for doubt clarification,positive
teaching is good some lecturers are showing partiality between south people and north people,neutral
perfect,positive
This the subject is a complete waste of time ngl the content is totally useless,negative
I have learned almost nothing this semester and the quality of classes has been awful,negative
excellent  simply superb,positive
They are good.,positive
This is the best in our university because there is no other university which takes seriously for practical work.,positive
"The material provided in this university is depth of course, The courses in this university is knowledgeable",positive
"The faculty is good ,interaction between student and teacher is also good",positive
Courses are very good and useful,positive
Great job,positive
content is very knowledgable and gives us huge knowledge of every subject,positive
Group projects are well supervised and the faculty member provides brilliant guidance throughout,positive
library facilities are good but number of books are less,neutral
The teacher never encourages students and is rarely available for consultation,negative
better,positive
"Sometimes only book is available for some subjects
And it is reserved",negative
Sometimes systems at labs are screwed up .Otherwise everything is  at their respected desk.,neutral
lab work is quite good,positive
I have learned almost nothing this semester and the quality of the lesson has been disappointing,negative
The exam was fair and the questions were aligned with what was taught in the lesson,positive
Some lectures are productive although others feel like a complete waste of valuable time,neutral
Overall the topics provided in this this class is very good and very relevant,positive
The exam was fair and the questions were aligned with what was taught in classes,positive
Teaching methodology is appalling and the lecturer rushes through topics sloppily,negative
Feedback on project exists despite this is too brief to be genuinely useful for improvement,neutral
IT IS GOOD,positive
the material provided is beneficial and provides much knowledge,positive
"there are lot of extracurricular activites held in university but so many of them are unknown to us ,the problem is there is no such ad's viewed to us
my rating is 3/5",neutral
The department provides the basic academic requirements however does not go above and beyond,neutral
The content of course should be increase with depth,negative
Excellent     but sometimes lack of books especially during exam times,neutral
some of the faculty are not uploading ppts,negative
Group projects are organised nevertheless supervision from the lecturer is sometimes insufficient,neutral
The department provides outstanding academic support and the faculty is very approachable,positive
they all are held in super,positive
The assessment was fair and the questions were aligned with what was taught in lectures,positive
library facilty is good,positive
Overall the topics in this the subject is horrible and has no practical relevance,negative
The teacher is punctual and the class always start on time without any delays,positive
Exam pattern and marks distribution are excellent but sometimes there are some errors in paper checking.,neutral
Some the lesson are productive on the other hand others feel like a complete waste of valuable time,neutral
Overall the syllabus in this this class is very bad and has no practical relevance,negative
it seems to me very good since it is a good source of interaction with other and to built a leadership quilities and to overcome our faults.,positive
I donot participate,neutral
Yes.,positive
The professor presents topics y despite this there is room for improvement,neutral
Group projects are organised nevertheless supervision from the professor is sometimes insufficient,neutral
i think library facilities are only for hostelers,negative
I am partly satisfied with the way this course has been handled overall this semester,neutral
content of the course is good,positive
library facilities are excellent...but only limited books are available ..so books should be increased.,neutral
knowledge is maximum gained by reading books also the teachers explain depth if we are interested to know about it.,neutral
"teachers are good in subject,and punctuality",positive
Our university has lot of extracurricular going on and it helps us a lot.,positive
exam pattern is good,positive
The task given are challenging u very interesting and promote deeper understanding,positive
labs are interesting and helpful toknoe the knowledge,positive
Group projects are well supervised and the teacher provides superb guidance throughout,positive
as per the courses all the sub are providing  worth knowledge,positive
I feel really enjoying it about this the paper and would recommend it to juniors,positive
"our university is good in terms of lecture delivery,interaction and punctuality",positive
I neither enjoy nor dread attending the class as the quality varies significantly from session to session,neutral
I have learned so much this semester and the quality of classes has been brilliant,positive
exams conducting is very good .but paper correction is very bad,neutral
Very good,positive
Most the lesson are unproductive and the instructor wastes enormous amounts of time,negative
content of course is more than enough to get the basics of that particular subject.,positive
Group projects are well supervised and the faculty member provides exceptional guidance throughout,positive
The grading is reasonable that said the criteria could be made more transparent and clear,neutral
"Content of courses are good, these are very knowledgeable, depth of course is also there but sometimes proper course material is not there.",neutral
Overall the content in this this class is unacceptable and has no practical relevance,negative
VERY GOOD,positive
Content of the courses should be changed a bit. More of industry oriented feature like Linux and GitHub must be implemented. Proper detailing and advanced knowledge is required and is to be instilled in the students.The course material is good.,negative
"content is enough, we donot need more.",positive
The material is provided on time despite this lacks sufficient depth in several important areas,neutral
The lecturer covers the required material despite this additional examples would help students,neutral
Good enough,positive
The assessment was completely unfair and questions were unrelated to what was covered in sessions,negative
"Thats good but the problm is whenever in university the functions like one india, one world are held we are not alowed to go because we have to attend the classes and if we miss the classes we will gona loose the attendence and everyone knows in lpu attendnce is very important. 
Thanx",neutral
Lab or practical work is excellent and yes including evaluations also.,positive
super,positive
well planned,positive
The prof covers content badly and students are always confused,negative
there are many courses which are irrelevant to the branch. some topics are not covered. There is no proper material for any course,negative
everything is good for faculty,positive
Group projects are organised though supervision from the prof is sometimes insufficient,neutral
"Exam pattern and how it is conducted is really seems to be good but it's my first year and when I went to scrutiny for the first time it was not as per my expectations. Teachers have marked the answers as per their choice, they must look for the content rather than the length of answers. So poor paper checking is there.",neutral
Is good,positive
I feel somewhat satisfied about this this course as it has both its strengths and its weaknesses,neutral
"good,they work very hard for us",neutral
Teaching quality is acceptable but some topics are explained much better than others,neutral
The teacher is punctual and classes always start on time without any delays,positive
The quiz tests what is taught yet the level of difficulty varies quite significantly,neutral
The books that are recommended do not contain appropriate content; leads the students to depend on slides given by teachers. Hence the knowledge remains superficial,negative
The sessions are extremely boring and the faculty member shows no interest in teaching,negative
"In this university there is good interaction with the students, Teachers in this university can deliver the lectures effectively, There is good punctuality in this university",positive
The department has acceptable facilities that said maintenance is clearly lacking,neutral
Overall the syllabus provided in this the module is fantastic and very relevant,positive
Group projects are well supervised and the prof provides outstanding guidance throughout,positive
Teaching methodology is superb and the prof covers all topics expertly,positive
Overall the topics provided in this this course is excellent and very relevant,positive
the lab evaluations are very strict,negative
The university has decent facilities despite this maintenance is clearly lacking,neutral
fair marking scheme and adaptable pattern,positive
Practical and easy learning,positive
The lecturer is approachable enough even so not always available when students need help,neutral
Teaching methodology is very good and the teacher covers all topics perfectly,positive
not bad..,positive
More number of lab/practicals should be there to enhance practical knowledge.,negative
the extracurricular activities held in university  are very enjoyable and good,positive
The prof covers without any enthusiasm which makes students completely disengaged,negative
Ngl this is the best this course I have had in my entire college life,positive
The college provides poor academic support and the faculty is completely unapproachable,negative
practical work including evaluations are good so that students can learn about practicals.,positive
No idea about the extracurricular activities.,neutral
I dread attending classes because the faculty member makes every topic more confusing,negative
The topics is comprehensive and the study materials provided are superb,positive
"everything was good regarding to university but, some lecturers don't have grip on the subject and lag in the teaching",neutral
the way of teaching is good but the time more than enough,positive
Examination pattern is good but mcq paper checking marks are not correct sometimes.,neutral
Most the lesson are unproductive and the teacher wastes enormous amounts of time,negative
average,neutral
Probably the best part of university is its examination and its pattern.,positive
Excellect,positive
I dread attending classes because the lecturer makes every topic more confusing,negative
They are really very intersting. All the students enjoys alot and get a chance to showcase there talent,positive
"Interaction between students and teachers is good ,The lectures delivery is fine, punctuality is good",positive
I cant believe they call this teaching its basically complete self study with zero support,negative
Some classes are good some are not so much honestly hard to rate this this course,neutral
every thing is good subjects have a very good depth almost all the  books are available   in the library and more than that 4/5,positive
The lab session are well organised and the instructor explains procedures thoroughly,positive
"very good teaching facilities, lecture given are fruitful and teachers are punctual",positive
I am quite unhappy with the way the module has been managed this semester,negative
"teaching is good but some teachers are not able to interact properly and are not able to clear the concepts properly, teachers are punctual.",neutral
very good indeed,positive
good and punctual,positive
The evaluation was wayyyy too hard and the entire syllabus was not even covered properly bruh,negative
not much good,negative
practical work provides detail knowledge of theoretical work,positive
very hard papers and main concept papers,neutral
good and qualified teachers but few lacks in interaction with students and fails to describe a topic,neutral
Teaching methodology is outstanding and the lecturer covers all topics perfectly,positive
punctuality and lecture is good here but interaction isn't good.,neutral
The prof covers the required material but additional examples would help students,neutral
"teachers are pretty interactive,But it all depends on the student to gain as much as knowledge he can from the teacher.Teachers are punctual and very helpful during exams time.",positive
I feel deeply dissatisfied about this the paper and would strongly warn juniors against it,negative
The evaluation was fair and the questions were aligned with what was taught in lectures,positive
The department provides brilliant academic support and the faculty is very approachable,positive
"waste ,library is not the good place to study",negative
I have learned so much this semester and the quality of sessions has been top-notch,positive
Overall the syllabus in this this class is appalling and has no practical relevance,negative
NICE TIMING..,positive
The assignment given are challenging b very interesting and promote deeper understanding,positive
they are giving good knowledge for us,positive
all are good,positive
uncertain,neutral
Sometimes study burden is that much that we can not participate in these activities ...there should b one activity complusory for every student like all other courses,negative
The internal is decent in difficulty even so feedback after results is almost nonexistent,neutral
"examination department is not good, teaching is quite good, I cant get extra time for extra knowledge, interaction is good",positive
Its required some libral in rules,negative
"maintained punctuality, good lecture delivery",positive
"examination pattern, marks, paper checking is good.",positive
library facilities are not good.They are not following the rules( they are using phones in library).,negative
most of the teacher don't even bother about the practical performed by students.They give marks just by seeing face or something like that.,negative
The syllabus covers the important topics but depth is insufficient in certain key areas,neutral
The lecturer is punctual and the class always start on time without any delays,positive
content of course is appropriate,positive
Really our library provides very good facilites for students and teachers but fine  system was not good it was directly increased upto 10.This is not a good thing.,neutral
Meh the teacher is okay not great not terrible just kind of average overall idk,neutral
The lecturer covers the required syllabus but additional examples would help students,neutral
The grading for internal is transparent and the marking scheme was clearly explained beforehand,positive
The university provides horrible academic support and the faculty is completely unapproachable,negative
All courses material provide very good knowledge in depth .,positive
"Knowledgeable is Good, Depth of course is satisfying, proper course material is also good",positive
practicals are good but evaluations are not because they don't give enough time to work,neutral
The grading for assessment is transparent and the marking scheme was clearly explained beforehand,positive
The content is inadequate and the study materials provided are unacceptable,negative
excllent,positive
This the subject is a complete waste of time ngl the topics is totally useless,negative
Library facilities are very good. No issues,positive
Every classe is productive and the prof never wastes time,positive
I find the classes very engaging and the professor uses brilliant examples,positive
very strcitly they evaluted marks,negative
I feel moderately engaged about this this course as it has both its strengths and its weaknesses,neutral
exam pattern is good and marks distribution is also good but paper checking is too hard,neutral
its hard to find a computer working in lab. Students cannot save data in one single PC,negative
Most the lesson are unproductive and the prof wastes enormous amounts of time,negative
it helps in building up university's reputation.,positive
examination pattern was excellent,positive
I have learned almost nothing this semester and the quality of classes has been dreadful,negative
Well and Good,positive
Its fine but it should focus more towards practical knowledge rather than content based. It would be helpful for us.,neutral
every thing is fine.,positive
The department provides poor academic support and the faculty is completely unapproachable,negative
practicals are pretty well.,positive
The the lesson are adequate though the pace needs to be adjusted for most students,neutral
The curriculum covers the important topics however depth is insufficient in certain key areas,neutral
Labs helps to know how the work is done.It thought me a good lessons.,positive
excellent university  the mode of teaching is completely different than any other university in india. lecturers are very friendly with every one they interact just like friends and they are very punctual,positive
The instructor teaches curriculum sloppily and students are always confused,negative
some of our faculty member are not so experienced that's why most of the time we are facing problems subjects like CSE(c++),negative
The curriculum is comprehensive and the study materials provided are great,positive
it is not very deep,negative
Teaching methodology is unacceptable and the teacher rushes through topics ineffectively,negative
The instructor presents without any enthusiasm which makes students completely disengaged,negative
I think number of books are very less according to the students .Only 2-3 copies are available.,negative
The teacher sometimes engages students well though other times the delivery is very dull,neutral
Teaching methodology is top-notch and the instructor covers all topics wonderfully,positive
some books are not available. So please provide,negative
Lab work is properly covered in the labs by the faculty and evaluations help to learn more practical knowledge in depth.,positive
in lab also they are showing parilaty,negative
I could not understand a single the class this entire semester,negative
"excellent, but reduse the speed of teaching  ,up to understand the students",neutral
exam pattern is very nice but paper checking is not at all good .,neutral
"interaction satisfied, lecture delivery good,punctuality always on time",positive
extracurricular activities increases mental and physical abilities,positive
Teaching quality is okay however some topics are explained much better than others,neutral
the level of examination should be raised. Questions with reasoning must be included,negative
I feel really disappointed about this this class and would strongly warn juniors against it,negative
book issuing time should be increased for 2 weeks,negative
"lecture delivery depends on teacher's knowledge, punctuality is good",positive
it is good leaning in lab but the lab instruments are not properly working,neutral
The material is up to date and has strong practical relevance to industry requirements,positive
The instructor is mostly punctual on the other hand the lesson sometimes start a bit late,neutral
these are very use full to the sudents forphysical activity and improvement of knowledge,positive
the labs are not practically built,negative
Some the lesson are productive although others feel like a complete waste of valuable time,neutral
Not so good,negative
The prof explains everything so well tbh I have never understood course content this clearly,positive
I feel neither happy nor sad about this this class as it has both its strengths and its weaknesses,neutral
Teaching methodology is superb and the faculty member covers all topics expertly,positive
"before coming to lpu i thought sports were very good n encouraging.but, there are many politics in sports especially in cricket.",negative
The grading is acceptable even so the criteria could be made more transparent and clear,neutral
The university has fantastic infrastructure and the facilities support learning well,positive
The lab are well organised and the faculty member explains procedures skillfully,positive
I appreciate how the instructor encourages questions and makes the classroom environment comfortable,positive
"I have no words to say about our library facilities,,,,,,,, SIMPLY AWESOME",positive
Overall the syllabus provided in this this course is impressive and very relevant,positive
extracurricular activities are also good,positive
lab practicals and evaluations are below average and need lot of changes and improvements,negative
there are doing there job good,positive
Overall the material in this the module is pathetic and has no practical relevance,negative
The prof has domain knowledge yet struggles to convey it effectively to students,neutral
average 3.5/5,neutral
"as per libraries, few books are not available and in computer library there are hardly 5 PCs working",negative
The prof helps students brilliantly and is always available for doubt clarification,positive
good and ample number of extracurricular activities take place,positive
"Well... all the books are not avilable . If they are in library , books are in less number and strength of student are large.",negative
Excellent but it depends upon teacher,positive
I am genuinely impressed with the way this class is being handled this semester,positive
university management is extordinary but some of the faculty is very bad,neutral
The institution schedule is mostly followed though occasional disruptions are still an issue,neutral
I am quite pleased with the way the module is being handled this semester,positive
The prof presents syllabus clearly and makes every lecture engaging,positive
I dread attending lectures because the professor makes every topic more confusing,negative
"good it is, but teachers do not consider the new ones.",neutral
The lecturer sometimes engages students well nevertheless other times the delivery is very dull,neutral
The teacher is punctual and the lesson always start on time without any delays,positive
very bad,positive
The quiz tests what is taught that said the level of difficulty varies quite significantly,neutral
I feel moderately engaged about this the module as it has both its strengths and its weaknesses,neutral
I find the the lesson very engaging and the prof uses fantastic examples,positive
"it is quite good , depending on teacher and their experience",positive
i hate it,negative
The exam pattern is well designed and tests actual understanding rather than memorisation,positive
Feedback on task exists despite this is too brief to be genuinely useful for improvement,neutral
"I am very much satisfied with teaching faculty interms of iteraction,lecture delivery, punctuality etc",positive
"It's good 
Also depends on teacher's knowledge and student's interest",positive
The instructor does not explain course content clearly and does not encourage any student participation,negative
it is good depending on the faculty,positive
NOT GOOD ...,negative
practicle must be of 2 hours,negative
Very good indeed.,positive
The prof conducts without any enthusiasm which makes students completely disengaged,negative
very good library facilities. Issuing time of book must be increased,positive
The assignment are acceptable on the other hand the deadlines are sometimes a bit tight,neutral
I feel somewhat satisfied about this the paper as it has both its strengths and its weaknesses,neutral
everything is good.,positive
Its good and proper design,positive
bad,negative
The institution has great infrastructure and the facilities support learning well,positive
i dont know,neutral
"Its the best thing i have seen in this university,albeit the behaviour of library staff is unprofessional at times. They are whimsically rude.",neutral
very good there we can find several course books and we can find several reference books also...,positive
The lectures are alright I guess nothing special nevertheless nothing terrible either tbh,neutral
Honestly the professor is top notch and always goes above and beyond for students,positive
Its nice .,positive
The assignment are okay that said the deadlines are sometimes a bit tight,neutral
The prof covers the required content even so additional examples would help students,neutral
The course structure is good and follows todays technology. Some subjects portion are too vast and are difficult to cover in 1 sem,neutral
it is good,positive
all are enough,positive
duration of issuing   books from library should be changed from 1week to 2 week that would be great.,negative
its  booring,neutral
normal,neutral
very good and you can also increase the standard of Courses,positive
The prof is reasonable nevertheless could improve the delivery style significantly,neutral
The instructor conducts material badly and students are always confused,negative
The university has very good infrastructure and the facilities support learning well,positive
The faculty member has domain knowledge on the other hand struggles to convey it effectively to students,neutral
very poor,negative
The sessions are alright I guess nothing special nevertheless nothing terrible either tbh,neutral
Overall the curriculum in this this class is poor and has no practical relevance,negative
The teacher connects theory with real world applications clearly in every session,positive
"i've never went to library in lpu.so,i don't know about that.",neutral
The instructor is approachable enough though not always available when students need help,neutral
Feedback on assignment exists despite this is too brief to be genuinely useful for improvement,neutral
The professor encourages students expertly and is always available for doubt clarification,positive
intraction is good and leacture delivery also good and then punctuality is also is good,positive
some teachers aren't doing their jobs in very well manner,negative
The prof covers material confusingly and students are always confused,negative
depth of course is less on the other hand knowledge and material is good,neutral
The prof does not explain syllabus clearly and does not encourage any student participation,negative
The teacher presents with great enthusiasm which keeps students motivated,positive
The lab session are average despite this the equipment could be better maintained,neutral
The prof presents curriculum p on the other hand there is room for improvement,neutral
Easily available course material with sufficient knowledge gaining,positive
Content of the courses is good but some courses need improvement. Course material is not upto the mark.,negative
They are good,positive
The assessment was wayyyy too hard and the entire course content was not even covered properly bruh,negative
Its give various opportunities and exposure,positive
content of courses are average,neutral
Teaching quality is adequate though some topics are explained much better than others,neutral
"our university is good in punctuality,lecture delivery but it is not good in terms of interaction",positive
The task are reasonable though the deadlines are sometimes a bit tight,neutral
The workshop are well organised and the teacher explains procedures excellently,positive
The task are mediocre yet the deadlines are sometimes a bit tight,neutral
library facilities is good,positive
According to me students are doing lab only for marks .,negative
"Interaction is satisfying, Lecture delivery is Good, Punctuality is Excellent",positive
Teaching methodology is poor and the instructor rushes through topics hastily,negative
Some the lesson are good some are not so much honestly hard to rate this the paper,neutral
The prof never guides students and is rarely available for consultation,negative
The classes are reasonable although the pace needs to be adjusted for most students,neutral
I genuinely enjoy attending the class because the teacher makes even complex topics simple,positive
for some subjects like maths and english(passage writing) the time duration neds to increase,negative
"some time lab is not proper working , some teacher's practical knowledge is less on the other side evaluations is not that much good",negative
lab is very much helpful,positive
content provided by you is excellent so that we learnt more and more about that particular subject,positive
The lecturer never mentors students and is rarely available for consultation,negative
courses are also good .but lt of subjects in cse departments at 1st year it feels like burden upon us,neutral
The professor encourages students patiently and is always available for doubt clarification,positive
I have learned so much this semester and the quality of the lesson has been exceptional,positive
Activities are not up to the mark as  advertisement.,negative
IT IS GOING GOOD,positive
The content is completely outdated and has no relevance to current industry standards,negative
The grading is mediocre though the criteria could be made more transparent and clear,neutral
strict paper correction.,negative
The professor covers syllabus sloppily and students are always confused,negative
Teaching methodology is dreadful and the instructor rushes through topics poorly,negative
Overall the material provided in this the paper is superb and very relevant,positive
I am somewhat satisfied with the way the module has been handled overall this semester,neutral
Group projects are well supervised and the prof provides top-notch guidance throughout,positive
"The evaluation is again bad for our CA, as one of our faculty is really weird. He gives us remarks on the basis of how we present things in front of it, he never look for the content of our answer, which is really annoying. As he expects us to deliver answer in the way he wants us to do. But how can a person do that, as people do have different mentality and they do explain themselves in different manner, so a teacher must understand that quality of a child and should give him marks on the basis of what they say not what they should say.",negative
The institution provides the basic academic requirements although does not go above and beyond,neutral
they are going excellent,positive
The material covers the important topics yet depth is insufficient in certain key areas,neutral
The lectures are acceptable but the pace needs to be adjusted for most students,neutral
GOOD,positive
The material is comprehensive and the study materials provided are fantastic,positive
GOOD AND STRICT,positive
it is good learning these courses,positive
THEY IS NO PROBLEM WITH THEM,negative
All is good .,positive
the content of the course is knowledgeable,positive
The practical session are well organised and the prof explains procedures patiently,positive
books are not available,negative
pattern of examination is good but paper checking is not at all going in a good way.,neutral
The practical session are average that said the equipment could be better maintained,neutral
The semester has been average with both positives and areas that need significant attention,neutral
I find the classes very engaging and the instructor uses outstanding examples,positive
The professor is mostly punctual although the lesson sometimes start a bit late,neutral
The faculty member does not explain syllabus clearly and does not encourage any student participation,negative
lab work is also good,positive
they are showing partiality between north indians and south indians,negative
The test was wayyyy too hard and the entire material was not even covered properly bruh,negative
The prof sometimes engages students well however other times the delivery is very dull,neutral
lab and practical work are litial good,positive
I feel quite pleased about this this class and would recommend it to juniors,positive
The professor connects theory with real world applications expertly in every session,positive
all activties are good,positive
The test was okay nevertheless some questions felt slightly out of syllabus,neutral
excellent..... u r the best in providing facilties and etc .. for extra curricular activities,positive
There are no sufficient lab equipments in the labs and the avilable euipments are also not perfect.,negative
The prof explains everything so well tbh I have never understood curriculum this clearly,positive
The semester has been passable with both positives and areas that need significant attention,neutral
According to me everything is going well in accordance to interaction.More than enough is served.,positive
Again some of the faculties don't know how to behave otherwise it is good.,neutral
extracurricular activities held in university are necessary it provides student a platform where they can improve and groom them.,positive
content of courses improves my knowledge,positive
The evaluation questions are ambiguous and the grading process lacks complete transparency,negative
I feel really enjoying it about this this class and would recommend it to juniors,positive
I genuinely enjoy attending sessions because the faculty member makes even complex topics simple,positive
Every the clas is productive and the professor never wastes time,positive
The exam was completely unfair and questions were unrelated to what was covered in the class,negative
"Teaching is excellent,but lecture delivery is not up to the mark.Punctuality is good",positive
marks distribution is good but paper checking is not that well,neutral
Complete wastage of time. Again this opinion is strictly personal and may not coincide with others.,negative
The university has great infrastructure and the facilities support learning well,positive
library facility is good,positive
The college provides the basic academic requirements but does not go above and beyond,neutral
I am really disappointed with the way this class has been managed this semester,negative
The prof is mediocre yet could improve the delivery style significantly,neutral
sometime it is irrelevent with the ongoing courses.,negative
Some the class are good some are not so much honestly hard to rate this the module,neutral
The submission given are challenging b very interesting and promote deeper understanding,positive
excellent,positive
I feel truly engaged about this the module and would recommend it to juniors,positive
The faculty member sometimes engages students well that said other times the delivery is very dull,neutral
VERY NICE....BUT BOOKS ARE NOT AVAILABE EVERY TIME,neutral
average(in one term there should be only two major subjects based on numerical),neutral
Capacity of library is less compared to size of university.,negative
exam pattern and marks distribution are good,positive
not much interested,neutral
"Exam pattern Very good, Marks distribution good but sometimes disappointing, paper checking OK",positive
course material is perfect,positive
In my opnion very less content is their in our syllabus..it will be good if there is more syllabus and depth included in our syllabus,negative
The grading for test is transparent and the marking scheme was clearly explained beforehand,positive
"Exams are conducted upon the the basis of the revised chapters upto that point, marks distribution is appropriate, paper checking is good",positive
they are amazing and help to boost our stamina.,positive
Teachers are not giving depth of course . They trying to cover there work only .,negative
It is so good.,positive
The exam was completely unfair and questions were unrelated to what was covered in classes,negative
satisfactory,positive
I feel genuinely impressed about this the module and would recommend it to juniors,positive
Good marks distribution Students can easily check there performance throught the semester,positive
i love it,positive
The faculty member is punctual and lectures always start on time without any delays,positive
The faculty member presents content wonderfully and makes every the lesso engaging,positive
The evaluation is reasonable in difficulty nevertheless feedback after results is almost nonexistent,neutral
it is not appropriate,negative
teaching delivery is good .but it is better to reduce there speed of  lecture delivery to understand the student better,neutral
"Everything is very good. Interaction part is something like teachers mostly interact with each and every student, lecture delivery is very good and punctuality always maintains.",positive
The classes are alright I guess nothing special although nothing terrible either tbh,neutral
very well,positive
Overall the material in this this class is disappointing and has no practical relevance,negative
pretty good,positive
that is only good in this university,positive
every thing is excllent but paper checking is not good,neutral
The exam was wayyyy too hard and the entire content was not even covered properly bruh,negative
The content is comprehensive and the study materials provided are exceptional,positive
course content is knowledgeable,positive
I feel very frustrated about this this class and would strongly warn juniors against it,negative
I find the sessions very engaging and the professor uses excellent examples,positive
laboratory provides us a good knowledge about practicals.,positive
The lecturer never encourages students and is rarely available for consultation,negative
I find the the lesson very engaging and the faculty member uses impressive examples,positive
The prof covers the required syllabus on the other hand additional examples would help students,neutral
The practical session are moderate even so the equipment could be better maintained,neutral
"Excellent exam pattern, paper checking in this university is easy",positive
I like reading books in Library,positive
Group projects are organised but supervision from the lecturer is sometimes insufficient,neutral
Practical work is in interesting but different teachers evaluate in their own way. Some of the teachers in some section  give marks without taking viva and some does not give marks accordingly,negative
all labs and practical going on well,positive
excellent work,positive
ok,positive
The test was wayyyy too hard and the entire content was not even covered properly bruh,negative
Every sessions is productive and the teacher never wastes time,positive
One of the best things I like about this university. The best of all.,positive
Interaction is good but it should b more ...rest is too perfect,positive
The teacher teaches content poorly and students are always confused,negative
I feel neither impressed nor disappointed about this the module as it has both its strengths and its weaknesses,neutral
Satisfied knowedgeable and proper course material,positive
The department provides exceptional academic support and the faculty is very approachable,positive
The assessment was okay though some questions felt slightly out of syllabus,neutral
The prof never helps students and is rarely available for consultation,negative
The internal tests what is taught though the level of difficulty varies quite significantly,neutral
very strict,negative
I genuinely enjoy attending classes because the lecturer makes even complex topics simple,positive
Our labs do not have all facalities.,negative
Its good,positive
The university provides terrible academic support and the faculty is completely unapproachable,negative
I WAS A STUDENT OF A BOARDING SCHOOL .....(jnv) I STUDIED FOR 7  YEARS THERE RESIDING IN HOSTEL ..NOW LIVING IN LPU IS SAME LIKE THAT..AND STILL MORE SAME AND PUNCTUALITY IS SHOWN HERE BY BOTH TEACHERS AND STUDENTS...AND ALSO BY THE STAFF..          SECURITY IS ABOVE 90%(IN CASE OF  STUDENT IS WELL MANURED)  ....CLASSES REGULAR ....SPORTS DAILY.....PARTICIPATION WELL/.......QUALITY BELOW AVERAGE,neutral
The internal was fair and the questions were aligned with what was taught in lectures,positive
Most lectures are unproductive and the professor wastes enormous amounts of time,negative
library facilities are good for students.,positive
Library is vast and has got wide variety of books But I think more number of specimen copies of books should be made available,neutral
This semester university has provide best teachers,positive
content of course is ample but depth must be more,neutral
The lab are moderate that said the equipment could be better maintained,neutral
some of them are very helpful and knowledgeable and some are just formality,neutral
everything was good.,positive
I think stock is not enough more books are required.,negative
super but paper checking is not good,neutral
The teacher is approachable enough despite this not always available when students need help,neutral
I am quite pleased with the way the subject is being handled this semester,positive
The prof is approachable enough that said not always available when students need help,neutral
Overall the material in this this course is acceptable and covers the basic requirements,neutral
Teaching methodology is appalling and the instructor rushes through topics lazily,negative
The the lesson are extremely boring and the professor shows no interest in teaching,negative
content does not provide deep knowledge,negative
The test pattern is well designed and tests actual understanding rather than memorisation,positive
good enough.,positive
The university consists of a whole world in itself.It is diverse and manages to conduct all events properly.I love being the part of this university where we get equal and all opportunities in all respects and fields.,positive
I am very confident with the way the paper is being handled this semester,positive
Some sessions are productive yet others feel like a complete waste of valuable time,neutral
content is sufficient for us,positive
I am quite unhappy with the way the subject has been managed this semester,negative
The faculty member covers curriculum brilliantly and makes every the lesso engaging,positive
"This university is far better than other university when coming to the exam pattern,marks disturbation and while coming to paper checking no biased corrections equal to all.",positive
Teaching quality is okay but some topics are explained much better than others,neutral
Feedback on assignment exists though is too brief to be genuinely useful for improvement,neutral
Good it provides a great platform,positive
I like this very much because every subject is linked up with real life situations and every thing in the subject is use full,positive
Overall the syllabus in this the module is awful and has no practical relevance,negative
Descent.,positive
Teaching methodology is pathetic and the teacher rushes through topics poorly,negative
its to good,positive
its good,positive
The lecturer connects theory with real world applications wonderfully in every session,positive
I genuinely enjoy attending lectures because the teacher makes even complex topics simple,positive
The faculty member never guides students and is rarely available for consultation,negative
HAVE TO IMPROVE,negative
I don't know abt that bcoz i didn't go to library till now.,neutral
Teaching methodology is poor and the teacher rushes through topics inadequately,negative
I am satisfied with the facilities but few books are limited of  database distribution,neutral
lab improves practical knowledge,negative
I find the the lesson very engaging and the instructor uses brilliant examples,positive
The prof is approachable enough but not always available when students need help,neutral
"it is quite good , depends upon teacher and their experience",positive
The university provides great academic support and the faculty is very approachable,positive
The prof explains without any enthusiasm which makes students completely disengaged,negative
i also want to participate in that activities but i can't take part in those activities because I'm a day scholar,negative
The lecturer is literally the worst teacher I have encountered in my entire college life omg,negative
The faculty member never connects theory with practical applications leaving students lost,negative
Teaching methodology is excellent and the prof covers all topics expertly,positive
In CA's its in the hands of lectures... while in mte's and ete's its good.,neutral
very cooperative,positive
The semester has been fair with both positives and areas that need significant attention,neutral
Extra curricular activities also help students to divert their mind from their study for some time. University plays an important role in this task.,positive
all the books are easily available and accessable and the limit of book issued need to be increased,positive
Most sessions are unproductive and the lecturer wastes enormous amounts of time,negative
There is good evaluations in lab regarding practicle,positive
The course notes are very knowledgeable and proper.,positive
Knowledge is maximum gained  by reading books and also teachers explain the concept in depth.,positive
I dread attending the lesson because the lecturer makes every topic more confusing,negative
faculties are doing quite well but need more senior lecturers.,neutral
It is proper,positive
The prof is frequently late and the class are cancelled without any prior notice,negative
This university is no1 in terms of extracurricular activities and in encouraging students to participate at their comfort levels.,positive
The lab session are okay that said the equipment could be better maintained,neutral
All books are not available,negative
its very bad thing not sowing answer of mcQ in exam we dont jiged what is rigth and rong where mak mistacvk,negative
I am really happy with the way this course is being handled this semester,positive
there should not be negative marking,negative
good facilities,positive
The professor is literally the worst teacher I have encountered in my entire college life omg,negative
The test was completely unfair and questions were unrelated to what was covered in classes,negative
staff is showing partiality between north indians and south indians,negative
lab practical work help us to learn the things properly and evalution is also very necessary as it helps us to retain concepts,positive
The content is comprehensive and the study materials provided are top-notch,positive
Knowledge  and depth of the course  is good but while coming to the material it's not upto the mark.,neutral
nice..enough,positive
The teacher conducts course content badly and students are always confused,negative
quite good,positive
"Not good, becouse in lab teachers donot teach us how to work on live projects or how to make a live project. So i have ovserved that whatever teachers have been teachig us in lab that will not usefull in our future life.",negative
The lecturer assists students excellently and is always available for doubt clarification,positive
The quiz pattern is well designed and tests actual understanding rather than memorisation,positive
I dread attending the class because the lecturer makes every topic more confusing,negative
The lecturer is decent but could improve the delivery style significantly,neutral
Again the university tests students of their ability to memorize stuff. Questions should emphasize more on concepts rather than testing brain's cramming storage house.,negative
we are getting maximum knowledge,positive
The course content is comprehensive and the study materials provided are fantastic,positive
excellent but checking procedure is not exceptable since we  fail to know our faults in mid term..,neutral
everything is good,positive
The assessment was fair and the questions were aligned with what was taught in sessions,positive
The instructor is honestly amazing lol makes every topic super easy to follow,positive
Very Tough,negative
I find the classes very engaging and the teacher uses exceptional examples,positive
facilities are good to overcome one's need,positive
The lecturer covers topics terribly and students are always confused,negative
The internal tests what is taught despite this the level of difficulty varies quite significantly,neutral
Every sessions is productive and the instructor never wastes time,positive
"overall rating on this activity is 4.5/5 .very nice teaching and interaction between students and lectures was good, every time there will be new and fresh style in  delivering the lectures ,thanks.",positive
The lecturer is reasonable on the other hand could improve the delivery style significantly,neutral
The prof connects theory with real world applications skillfully in every session,positive
The faculty member sometimes engages students well yet other times the delivery is very dull,neutral
Group projects are never supervised and the lecturer provides zero guidance,negative
it was good but it can be improved,neutral
practical work is good,positive
The depth of course is very much  deep. According to me its very essential,positive
The examination pattern is good .But time is not sufficient for those questions.,neutral
The evaluation tests what is taught nevertheless the level of difficulty varies quite significantly,neutral
"Talk about punctuality, it's really good but the lecture delivery is somehow not appreciated because every teacher has different style of teaching, so lack of knowledge in terms of subject is there and interaction is also kind of boring. A teacher should be entertaining as well but they are really not. All they want us to be studios and disciplined which is really not the thinking of every student.",neutral
Here we r able to do every thing by our own with u r valuable support,positive
LAB IS VERY GOOD,positive
Overall the course content provided in this the module is superb and very relevant,positive
The college provides outstanding academic support and the faculty is very approachable,positive
I am moderately engaged with the way the paper has been handled overall this semester,neutral
Its Good,positive
The instructor is mostly punctual but sessions sometimes start a bit late,neutral
i felt its better because there is no problem from library facilities,positive
The homework given are challenging t very interesting and promote deeper understanding,positive
not effective and satisfactory in terms of lecture delivery by all the faculty .,negative
I find the sessions very engaging and the lecturer uses outstanding examples,positive
not all the teachers are teaching well but it's fine,neutral
I have learned almost nothing this semester and the quality of sessions has been very bad,negative
examination including exam pattern is good in some ways.MCQs shouls given to students for the preparation of exams.,positive
good delivery,positive
3 hours practical is so long. It should be of 2 hours only,negative
excellent!!!,positive
The quiz was completely unfair and questions were unrelated to what was covered in the lesson,negative
library contains all the books regarding courses and other materials and very cooperative library staff,positive
The evaluation tests what is taught that said the level of difficulty varies quite significantly,neutral
The instructor delivers with great enthusiasm which keeps students motivated,positive
The evaluation was wayyyy too hard and the entire course content was not even covered properly bruh,negative
The quiz was decent but some questions felt slightly out of syllabus,neutral
The college provides the basic academic requirements though does not go above and beyond,neutral
Needs some improvement,negative
its very tough and very diffcult to understand,negative
It will provide us various books to increase our knowledge or to understand the  concept because it is good,positive
The department has average facilities yet maintenance is clearly lacking,neutral
practical work insome labs are not upto the marks,negative
"I like it , i am satisfied all these work",positive
The professor is honestly amazing lol makes every topic super easy to follow,positive
Notbad,positive
The exam tests what is taught but the level of difficulty varies quite significantly,neutral
in examinations please try to give question papers,neutral
Too much lanlb file work,negative
Good but lacks audience.....as only participants can see these activities on duty leave basis,neutral
It's good but we don't get sufficient time for participating in that activities,neutral
coming to the courses these are very well planned... and it all depends on the lectures.,positive
The faculty member explains with great enthusiasm which keeps students motivated,positive
every thing is fine,positive
I have learned so much this semester and the quality of classes has been excellent,positive
The faculty member is frequently late and sessions are cancelled without any prior notice,negative
never went there,neutral
The quiz was wayyyy too hard and the entire material was not even covered properly bruh,negative
extra curricular are so good. university is providing many pathways to many students....apart from education,positive
mid term percentage should be increased so that students get more choice to get success in the examinations,neutral
The exam was fair despite this some questions felt slightly out of syllabus,neutral
exam pattern is completely different the entire exams are objective oriented resumbling  the education in abroad my review is 5/5,positive
"interaction is very less ,when it comes to lecture delivery its fine but the co cordination not there between the lectueres",negative
"Library facility is very good but there is a problem collection of books, Available books are very less for some subjects",neutral
"Content of course is perfectly in line with the teaching philosophy that is being perpetuated here i.e cramming,rote learning.",negative
not so good,negative
Practical work is fair,positive
The lecturer covers material l yet there is room for improvement,neutral
The institution has fair facilities on the other hand maintenance is clearly lacking,neutral
More than best,positive
The teacher is frequently late and the lesson are cancelled without any prior notice,negative
Every lecture is productive and the professor never wastes time,positive
Nice,positive
not very good... must be improved.,negative
Overall the course content in this the paper is terrible and has no practical relevance,negative
Overall the syllabus provided in this the paper is brilliant and very relevant,positive
librery facilities are excellent,positive
"Good, but there should be at least one a practical subject in every semester",positive
I dread attending lectures because the faculty member makes every topic more confusing,negative
the system in library usually does not work . so it creates a problem for us to issue the book,negative
Overall the content in this this course is reasonable and covers the basic requirements,neutral
"The materials or links provided for study purpose is good, clarity in depth of courses but again it differs from teacher to teacher.",positive
Teachers are supposed to let the students know the actual use of the instruments used in the lab.,neutral
Library facilities are the strength of this university. It is awesome.,positive
It's good when compare with my Btech lectures and teaching activities.,positive
Feedback on homework exists yet is too brief to be genuinely useful for improvement,neutral
The department has unacceptable infrastructure and basic facilities are not maintained,negative
The lectures are alright I guess nothing special even so nothing terrible either tbh,neutral
Outstanding,positive
Everything is fine.,positive
The institution provides the basic academic requirements however does not go above and beyond,neutral
Insufficient books,negative
This the paper is a complete waste of time ngl the course content is totally useless,negative
teachers give us all the information required to improve the performance.,positive
The university has disappointing infrastructure and basic facilities are not maintained,negative
The teacher teaches material ineffectively and students are always confused,negative
I am very frustrated with the way this class has been managed this semester,negative
library facilities need to be improve by bringing some more books,negative
labs are very interesting it is helpful to know the knowledge,positive
COURSE IS GOOD NO PROPER COURSE MATERIAL,neutral
The workshop are reasonable but the equipment could be better maintained,neutral
The university has awful infrastructure and basic facilities are not maintained,negative
The instructor is approachable enough but not always available when students need help,neutral
The sessions are so boring I would rather watch paint dry honestly smh,negative
extracurricular activies should be held when there are no classes for the students to attend so that every student can enjoy and participate in the events,negative
I am deeply dissatisfied with the way this course has been managed this semester,negative
The lab session are fair nevertheless the equipment could be better maintained,neutral
good but not good . sir improve the subject,neutral
The faculty member mentors students expertly and is always available for doubt clarification,positive
The sessions are reasonable that said the pace needs to be adjusted for most students,neutral
lab and practical works are good..with a little draw back of faculty in connecting  the lab practical to the outside  world..,neutral
We have a good library with all facalities.,positive
The lecturer is adequate although could improve the delivery style significantly,neutral
The library has insufficent number of books for all the students,negative
its fine.,positive
good they are knowledgebale and helps us interacting with other students,positive
I find the classes very engaging and the instructor uses great examples,positive
Not good,negative
Almost each and every books is there.But the time limit for keeping book is too much shorted.,neutral
Overall the course content provided in this this class is excellent and very relevant,positive
Teaching methodology is outstanding and the faculty member covers all topics clearly,positive
The department provides awful academic support and the faculty is completely unapproachable,negative
The internal was completely unfair and questions were unrelated to what was covered in classes,negative
these are very usefull to students .excellent,positive
Excellent lectures are delivered by teachers and all teachers are very punctual.,positive
all activities are good,positive
I have learned so much this semester and the quality of the lesson has been impressive,positive
all excellent,positive
The institution has decent facilities nevertheless maintenance is clearly lacking,neutral
The professor is mediocre despite this could improve the delivery style significantly,neutral
extracurricular activities are excellent and provides best platform to students.,positive
The exam is acceptable in difficulty but feedback after results is almost nonexistent,neutral
The department provides superb academic support and the faculty is very approachable,positive
The syllabus is inadequate and the study materials provided are dreadful,negative
I feel highly motivated about this this class and would recommend it to juniors,positive
Most the lesson are unproductive and the faculty member wastes enormous amounts of time,negative
This the module is a complete waste of time ngl the material is totally useless,negative
"some lectures are excellent,but not everyone",neutral
Teaching quality is decent though some topics are explained much better than others,neutral
I dread attending classes because the prof makes every topic more confusing,negative
The teacher covers the required curriculum although additional examples would help students,neutral
Poor,neutral
lab evaluations are pretty good .they help us a lot.,positive
good quallity content but some teachers donot upload ppts on time,neutral
The university provides the basic academic requirements though does not go above and beyond,neutral
The practical session are poorly managed and equipment is often broken or unavailable,negative
The prof encourages students effectively and is always available for doubt clarification,positive
The professor conducts course content carelessly and students are always confused,negative
insufficient books,negative
fine,positive
i think mid trem should be also subjective,neutral
Good.,positive
The grading for evaluation is completely opaque and students are never told how marks are awarded,negative
The university schedule is mostly followed that said occasional disruptions are still an issue,neutral
nice,positive
The exam tests what is taught though the level of difficulty varies quite significantly,neutral
very good 5/5,positive
It is a good way in pattern,positive
in this university there is lot of events and lot of extra curriclar activities....,positive
they are good but they should give exposure to more students and not the same.,neutral
too many activities are conducted and student get ample amount of opportunities to participate,positive
The practical session are well organised and the teacher explains procedures skillfully,positive
"I like communication classes,courses are good",positive
The task are mediocre though the deadlines are sometimes a bit tight,neutral
The topics is inadequate and the study materials provided are pathetic,negative
The prof explains content hastily and students are always confused,negative
my rating in this is 4/5,positive
The syllabus is provided on time on the other hand lacks sufficient depth in several important areas,neutral
The lecturer is punctual and lectures always start on time without any delays,positive
The university provides the basic academic requirements nevertheless does not go above and beyond,neutral
All good,positive
"good, and also like the teaching style",positive
The lecturer covers the required content but additional examples would help students,neutral
sometimes proper course material is not required.,negative
Everything is fine. Every thing is taught in depth.Even a single point is elaborated enough to understand.,positive
Material of the course is not good enough,negative
in terms of lecture delivery that is good.in terms of punctuality that is also good but in terms of intraction that is very bad. There are some teachers they donot interact and do not litsn our problms that means they do not coprate.,negative
that's  great,positive
While coming to extracurriculum activities it's better than any other university which I had come around.,positive
The professor is moderate although could improve the delivery style significantly,neutral
it is difficult to understand experiment in 1 hour,negative
The faculty member discourages questions and creates a very uncomfortable classroom atmosphere,negative
satisfied,positive
Teaching methodology is dreadful and the lecturer rushes through topics ineffectively,negative
The professor teaches content y yet there is room for improvement,neutral
I find the the lesson very engaging and the prof uses great examples,positive
Teaching methodology is very bad and the lecturer rushes through topics hastily,negative
I am quite stressed with the way this class has been managed this semester,negative
Lectures helps in clear our concept,positive
The teacher covers the required content on the other hand additional examples would help students,neutral
Very Good,positive
The grading is average but the criteria could be made more transparent and clear,neutral
exam  pattern is very good but if you give question papers to students it is helpful,neutral
The lecturer is frequently late and the lesson are cancelled without any prior notice,negative
All terms are good regarding the university activities,positive
"not satisfactory, lab work must include latest technologies",negative
every one can tell depth of course but some one only give notes,neutral
The course content is provided on time although lacks sufficient depth in several important areas,neutral
too much good,positive
The sessions are average though the pace needs to be adjusted for most students,neutral
The faculty member presents with great enthusiasm which keeps students motivated,positive
The project are fair on the other hand the deadlines are sometimes a bit tight,neutral
The content of the courses are good but depth of courses are not enough to get the good concepts.,neutral
"Not that much good 
Students are working so hard
But they aren't getting satisfactory result",negative
The lab session are poorly managed and equipment is often broken or unavailable,negative
IT IS ALSO GOOD,positive
Group projects are well supervised and the instructor provides exceptional guidance throughout,positive
Group projects are organised that said supervision from the faculty member is sometimes insufficient,neutral
optimum content,positive
The practical session are well organised and the professor explains procedures patiently,positive
"Awesome, peaceful, relaxing atmosphere",positive
excellent ...they  work hard..their way of teaching is also pretty good,positive
Overall the syllabus in this this course is disappointing and has no practical relevance,negative
Overall the course content in this this course is disappointing and has no practical relevance,negative
The teacher is literally the worst teacher I have encountered in my entire college life omg,negative
university offers alkot of activities which is excellent on their part as students are able to explore themselves,positive
The professor presents curriculum ineffectively and students are always confused,negative
exam pattern is good and good paper checking but paper checking can be improved,positive
it is neither too good nor too bad,neutral
The university has poor infrastructure and basic facilities are not maintained,negative
Thats good,positive
Satisfied,positive
I am highly motivated with the way this class is being handled this semester,positive
Teaching methodology is outstanding and the faculty member covers all topics expertly,positive
I like the question pattern,positive
The quiz was mediocre although some questions felt slightly out of syllabus,neutral
Good,positive
The the lesson are alright I guess nothing special yet nothing terrible either tbh,neutral
all things are good,positive
The university provides the basic academic requirements despite this does not go above and beyond,neutral
I don't like the -ve marking system. appart from that everything is great,neutral
it is ok,positive
The grading is moderate despite this the criteria could be made more transparent and clear,neutral
Lab evaluations are very strict,negative
Great,positive
I could not understand a single the clas this entire semester,negative
The sessions are decent on the other hand the pace needs to be adjusted for most students,neutral
I dread attending lectures because the prof makes every topic more confusing,negative
the content of the course should be increased with the depth.,negative
its good for refreshment,positive
Some sessions are productive that said others feel like a complete waste of valuable time,neutral
Pattern and procedure of the examination is very good. Paper checking needed to be improved.,neutral
absolutely fine all books are there but the thing is that the time limit is very less we have to return the book that we have issued  very fast,negative
"The university is good but it also has a long way to go. More teachers should have their PhD and college fests related to academic curriculum must be improved to a great extent and must be managed properly.The interaction is good, lecture delivery needs more lucidity. The punctuality is top notch.",neutral
library has huge collection of books from different authors,positive
The test was fair and the questions were aligned with what was taught in classes,positive
subjects are appropriate but much depth is required as syllabus includes only basics not the details,neutral
It is good,positive
when compared to other universities we need better material and exposure.,negative
The the lesson are so good I actually look forward to coming to institution every day,positive
The university schedule is mostly followed although occasional disruptions are still an issue,neutral
Overall the topics in this the module is reasonable and covers the basic requirements,neutral
not good..the timing is too much for labs and syllabus is also so vast.we don't get propr revision,negative
way of teaching is good,positive
The task deadlines are unrealistically tight and instructions are never clear,negative
The internal was completely unfair and questions were unrelated to what was covered in the lesson,negative
The internal pattern is well designed and tests actual understanding rather than memorisation,positive
It's appreciable,positive
The lecturer is frequently late and lectures are cancelled without any prior notice,negative
The syllabus is comprehensive and the study materials provided are impressive,positive
It is excellent.,positive
lecturer are punctual and can interact them easily.,positive
The lecturer never assists students and is rarely available for consultation,negative
I am quite indifferent with the way this course has been handled overall this semester,neutral
Excellent,positive
time not sufficient,negative
The lecturer delivers material brilliantly and makes every session engaging,positive
Overall the syllabus in this this course is dreadful and has no practical relevance,negative
It is really gud,positive
The exam was completely unfair and questions were unrelated to what was covered in sessions,negative
The university has brilliant infrastructure and the facilities support learning well,positive
The university provides fantastic academic support and the faculty is very approachable,positive
"In labs,the lecturers has to interact with each student to improve their knowledge, in all the ways,before giving us the work they must explain about the experiment once so that we will come to know how to perform n take precautions while doing,........",neutral
well and good infrastructure and have trending software in lab,positive
extracurricular activities are good.,positive
With the help of practicals students are able to understand all the concept.so it is also good.,positive
This the module is a complete waste of time ngl the content is totally useless,negative
The instructor never mentors students and is rarely available for consultation,negative
The department has reasonable facilities yet maintenance is clearly lacking,neutral
I feel fairly neutral about this the subject as it has both its strengths and its weaknesses,neutral
Everything would be fine if there are less number of students in our btech CSE.,neutral
"examination pattern is good but,,there is blunder mistake.that is we ha no alternate to check the mistake where we have done morever no question papers also not given for discussion.so i suggest to..provide option for checking mistakes in the MCQ exams such as midterm.",negative
The prof never connects theory with practical applications leaving students lost,negative
The content is up to date and has strong practical relevance to industry requirements,positive
Teaching methodology is superb and the professor covers all topics brilliantly,positive
Pretty Good,positive
IT IS THE BEST THING IN THIS UNIVERSITY I LIKE IT,positive
Accurate,positive
very good it is a good oppurtunities to many students,positive
teaching is good but some lecturers are showing partiality between south people and north people,neutral
Examination pattern and marks distribution all the terms are good.Ca and MTE also give the chance to students for improving.,positive
We don't get answers key and even the question papers for our mcq exams.There should be some means by which we could recheck our answers and get to know what mistakes we have made.,negative
The lab session are well organised and the instructor explains procedures wonderfully,positive
its better,positive
I am highly motivated with the way this course is being handled this semester,positive
The lecturer conducts syllabus l though there is room for improvement,neutral
The teacher explains without any enthusiasm which makes students completely disengaged,negative
Most the class are unproductive and the professor wastes enormous amounts of time,negative
The classes are so good I actually look forward to coming to institution every day,positive
content is good enough,positive
exam pattern is good and good paper checking.,positive
The exam was wayyyy too hard and the entire material was not even covered properly bruh,negative
content of the courses are update and mostly based on current technology.,positive
LESS TIME FOR STUDY ...LESS TIME FOR PAPER ATTEMTING...LESS TIME FOR EVERY THING ....LESS KNOWLEGE.....LESS DEPTH OF COURSE .....BUT PROPER COURSE MATERIAL ACCORDING TO EXAM,negative
It was quite great and unique.,positive
The professor covers the required content although additional examples would help students,neutral
"teaching is ok but the interaction with the students need to improve, i mean they have to focus on dull students more  than intelligents....",neutral
The material is inadequate and the study materials provided are terrible,negative
Teaching methodology is very good and the faculty member covers all topics patiently,positive
"Exam pattern is up to the mark and the Cgpa depends on the various marks distributions like ca, mte etc which is very nice as compare to other institutions. Paper checking does not depend on length of ques but on the material which is the best part of it.",positive
The course content covers the important topics nevertheless depth is insufficient in certain key areas,neutral
The prof is punctual and lectures always start on time without any delays,positive
Some classes are good some are not so much honestly hard to rate this this class,neutral
The lecturer is approachable enough but not always available when students need help,neutral
excelent,positive
I feel very confident about this the subject and would recommend it to juniors,positive
Its upto mark and very efficiently held in our university,positive
lecture delivery and punctuality was good but the interaction with students was not good.,neutral
Most classes are unproductive and the professor wastes enormous amounts of time,negative
The grading is mediocre although the criteria could be made more transparent and clear,neutral
good.,positive
not good...... must be improve,negative
The classes are extremely boring and the faculty member shows no interest in teaching,negative
depth  of course was good ....providing a basic knowledge not so deep in subjects....at least they should provide deep knowledge and syllabus in core subjects...,neutral
As compared to other colleges and university our university is perfect in all the aspects,positive
I have learned so much this semester and the quality of sessions has been superb,positive
EXAMPATTERN IS GOOD AND MARKS DISTRIBUTION IS ALSO GOOD AND PAPER CHECKING IS VERY HARD,positive
The test tests what is taught on the other hand the level of difficulty varies quite significantly,neutral
The college has great infrastructure and the facilities support learning well,positive
not bad,positive
The teacher sometimes engages students well even so other times the delivery is very dull,neutral
The prof is frequently late and sessions are cancelled without any prior notice,negative
i felt happy because it encourages our talents,positive
I dread attending the lesson because the teacher makes every topic more confusing,negative
The university provides the basic academic requirements although does not go above and beyond,neutral
Teaching methodology is unacceptable and the faculty member rushes through topics ineffectively,negative
provides good platform to interested students,positive
Group projects are organised that said supervision from the instructor is sometimes insufficient,neutral
The university has mediocre facilities on the other hand maintenance is clearly lacking,neutral
No feedback is ever given on submission which defeats the entire purpose of submitting them,negative
EXTRAORDINARY,positive
No views,neutral
They are sportive,positive
Every the clas is productive and the prof never wastes time,positive
The university schedule is mostly followed on the other hand occasional disruptions are still an issue,neutral
The lectures are extremely boring and the instructor shows no interest in teaching,negative
The faculty member conducts course content clearly and makes every the lesso engaging,positive
The faculty member is honestly amazing lol makes every topic super easy to follow,positive
Meh the prof is okay not great not terrible just kind of average overall idk,neutral
library is awesome and rich,positive
Lab is good the Prof explains everything before the lab begins and the Lab Asst helps us during the experiments,positive
yeah its obviously good,positive
The lecturer never connects theory with practical applications leaving students lost,negative
The instructor discourages questions and creates a very uncomfortable classroom atmosphere,negative
Most lectures are unproductive and the instructor wastes enormous amounts of time,negative
Every the clas is productive and the faculty member never wastes time,positive
as per the exam pattern maths exam always have to be subjective rather than objective.,negative
"very knowledgeable, some subjects do not have dedicated material like books available",neutral
I feel completely demotivated about this the module and would strongly warn juniors against it,negative
Most the class are unproductive and the instructor wastes enormous amounts of time,negative
Overall the course content in this the subject is unacceptable and has no practical relevance,negative
The lectures are okay nevertheless the pace needs to be adjusted for most students,neutral
teaching activities of our university is good. i am satisfied with it.,positive
I find the lectures very engaging and the faculty member uses exceptional examples,positive
The faculty member presents without any enthusiasm which makes students completely disengaged,negative
I have learned so much this semester and the quality of lectures has been great,positive
All the terms are good regarding the university activities.,positive
"It's appreciable
Students who are having interest in co curricular activities, getting a good platform",positive
"depth of the course are depended on the level of student intake, course material is delivered after the class in UMS",neutral
VERY HIGH......NEED TO TAKE DOWN SOME ACCITIVTIES ................................NOISE POLLITION IN THE UNIVERSITY  ALWAYS A BIG PROBLEM.,negative
I find the lectures very engaging and the teacher uses superb examples,positive
Most the class are unproductive and the faculty member wastes enormous amounts of time,negative
The university provides awful academic support and the faculty is completely unapproachable,negative
The faculty member connects theory with real world applications perfectly in every session,positive
Teaching methodology is great and the lecturer covers all topics brilliantly,positive
Perfect,positive
It is best,positive
The test was wayyyy too hard and the entire course content was not even covered properly bruh,negative
The lab session are well organised and the faculty member explains procedures skillfully,positive
The instructor covers with great enthusiasm which keeps students motivated,positive
too much examinations,neutral
Not upto the mark,negative
coming to the examinations it is good,positive
more books should be provided and the issue period should be increased,negative
examination pattern is good,positive
The instructor is approachable enough nevertheless not always available when students need help,neutral
EXCELLENT,positive
Meh the faculty member is okay not great not terrible just kind of average overall idk,neutral
I have learned so much this semester and the quality of sessions has been impressive,positive
Teaching quality is mediocre even so some topics are explained much better than others,neutral
not too bad,positive
library facilites are good,positive
Labs are upto the mark.,positive
All the activities are gud and appropriate for students,positive
some courses are irrelevant as they are not related to my stream.,negative
Group projects are well supervised and the lecturer provides exceptional guidance throughout,positive
I feel quite stressed about this the module and would strongly warn juniors against it,negative
I have learned so much this semester and the quality of lectures has been impressive,positive
I am reasonably okay with the way this course has been handled overall this semester,neutral
The project given are challenging e very interesting and promote deeper understanding,positive
The submission given are challenging t very interesting and promote deeper understanding,positive
all these are good,positive
Group projects are well supervised and the lecturer provides superb guidance throughout,positive
The courses available in the university have got a scope and the teaching of these courses goes on with the point of view of bringing out the best from the student by indulging them in different activities and projects.,positive
Chance to go and enjoy should be given.I think it should be off when any activity like One India is there to go and enjoy.Otherwise everything is good.,negative
"it is relly awesome,extirdinary and marvellous but no time to attend",positive
The prof is honestly amazing lol makes every topic super easy to follow,positive
The examination pattern is good. More of logic based and subjective questions to be asked which is based upon conceptual learning. Paper checking must be done in a more lucid manner because many doubts arise with the checking of OMR sheet.,neutral
EXELLENT,positive
I feel very frustrated about this this course and would strongly warn juniors against it,negative
labs n practicals are good.,positive
This the subject is a complete waste of time ngl the material is totally useless,negative
The lab session are fair but the equipment could be better maintained,neutral
The college provides the basic academic requirements however does not go above and beyond,neutral
yeah quite well but ... some of the books are not available,neutral
The lectures are alright I guess nothing special but nothing terrible either tbh,neutral
I find the the lesson very engaging and the prof uses exceptional examples,positive
The submission deadlines are unrealistically tight and instructions are never clear,negative
I find the lectures very engaging and the prof uses very good examples,positive
Library facilities are excellent in terms of good techniques that are used over there.,positive
I am partly satisfied with the way this class has been handled overall this semester,neutral
The lecturer delivers with great enthusiasm which keeps students motivated,positive
The assessment was completely unfair and questions were unrelated to what was covered in lectures,negative
The syllabus is inadequate and the study materials provided are pathetic,negative
Group projects are well supervised and the teacher provides great guidance throughout,positive
Lab evaluations are good.,positive
The prof discourages questions and creates a very uncomfortable classroom atmosphere,negative
not good,negative
The evaluation was wayyyy too hard and the entire material was not even covered properly bruh,negative
IT IS VERY MUCH USEFUL AND WE CAN PARTICIPATE IN OUR INTERESTS,positive
the staff is highly punctual ad interactive and encourage students to participate in the class,positive
The professor is punctual and sessions always start on time without any delays,positive
Examination pattern is good but marks distribution very confusing,neutral
Lab and practical are not upto the mark. The topic which are practiced are almost already done in Btech.,negative
helps in improving skills,positive
Some subjects are good and predictable.Remaining courses are not satisfactory,neutral
The syllabus is up to date and has strong practical relevance to industry requirements,positive
All are good except paper checking. It should be improved,neutral
The institution schedule is mostly followed that said occasional disruptions are still an issue,neutral
Group projects are never supervised and the instructor provides zero guidance,negative
lab activities are good but not satisfactory in explaining point of view.,neutral
"University teaching here is very much dependent upon slides,though it is a easy way of teaching but still leaving some concepts unclear..otherwise interaction with the faculty is good.Lecture delivery sometimes is not upto the mark and punctuality is  fine.",neutral
The sessions are mediocre even so the pace needs to be adjusted for most students,neutral
The faculty member delivers with great enthusiasm which keeps students motivated,positive
The university provides dreadful academic support and the faculty is completely unapproachable,negative
The department provides unacceptable academic support and the faculty is completely unapproachable,negative
very good.,positive
"examination checking sucks here , don't knw why I get low marks even if 4 qustions are wrong . answer key of exam is absurd, discrepancy system is not advantageous, answers of exam not right, omr should be uploaded",negative
I find the lectures very engaging and the professor uses brilliant examples,positive
Very rough handling,negative
LPU gives the best opportunity for the students to show their talent.,positive
lecture delivery is not so good,negative
yeah! well some of the faculty are not teaching well but the schedule of the university are superb ... and university asked feedback from us .that is really helpful,neutral
The faculty member connects theory with real world applications excellently in every session,positive
The instructor is mostly punctual yet classes sometimes start a bit late,neutral
some of the universities not conducted any extracurricular activities but in our university doing these it is good for our feature,positive
The prof explains course content r although there is room for improvement,neutral
library has providing excellent facilities,positive
I dread attending the class because the professor makes every topic more confusing,negative
"Knowledge,depth of course is good but course material are not upto the mark",neutral
having good material in labs.,positive
The prof teaches content sloppily and students are always confused,negative
I find the the lesson very engaging and the instructor uses superb examples,positive
The syllabus is provided on time that said lacks sufficient depth in several important areas,neutral
lab work is nice.,positive
Overall all these things are the plus point of the university,positive
unbiased,positive
Its very helpful,positive
Overall the content in this the subject is very bad and has no practical relevance,negative
Teaching methodology is disappointing and the prof rushes through topics hastily,negative
Punctuality is good. Most of the teachers are not interacting with students .,neutral
The department provides horrible academic support and the faculty is completely unapproachable,negative
all good,positive
bcoz of lectures..we don't get time to participate..,negative
Most the class are unproductive and the lecturer wastes enormous amounts of time,negative
good..,positive
It is very good learning in this university,positive
Satisfactory,positive
The the lesson are alright I guess nothing special despite this nothing terrible either tbh,neutral
This is really a good thing that events happen in our university regularly but they must be announced early so that every student can prepare themselves for participation because sometimes we get to know about most of the events when they have already been conducted. So announcement must be there.,neutral
Overall the syllabus in this this class is decent and covers the basic requirements,neutral
Some the class are good some are not so much honestly hard to rate this the subject,neutral
"good but there is more need of keeping books of general topics about social,polity,gk,...etc other than related to subject so that we will get some knowledge about country related issues..............",neutral
Overall the content in this the module is poor and has no practical relevance,negative
The best,positive
Every the lesso is productive and the teacher never wastes time,positive
ALL PRACTICAL WORK IS GOOD,positive
"Interaction is very good,accurate supplement material is provided but recommendation of books is very poor,the change of a particular teacher after 3 months or a semester of same subject causes problems",neutral
The lecturer discourages questions and creates a very uncomfortable classroom atmosphere,negative
The institution provides fantastic academic support and the faculty is very approachable,positive
The lecturer never guides students and is rarely available for consultation,negative
I am neither impressed nor disappointed with the way the subject has been handled overall this semester,neutral
it was quite great and unique,positive
Overall the material provided in this the paper is excellent and very relevant,positive
The university has mediocre facilities although maintenance is clearly lacking,neutral
course contents are very much relevant to our courses,positive
The institution has outstanding infrastructure and the facilities support learning well,positive
The prof mentors students brilliantly and is always available for doubt clarification,positive
The assessment pattern is well designed and tests actual understanding rather than memorisation,positive
very poor.no equipments are there,negative
way of teaching is average,positive
Every session is productive and the instructor never wastes time,positive
The the lesson are extremely boring and the faculty member shows no interest in teaching,negative
The department provides top-notch academic support and the faculty is very approachable,positive
Teaching methodology is appalling and the teacher rushes through topics lazily,negative
The lab session are adequate although the equipment could be better maintained,neutral
"staff and faculty members are always available for interaction, very punctual and delivery of lecture can be improved",positive
I am partly satisfied with the way the paper has been handled overall this semester,neutral
"the activities are very good but no time is given to students for participation, so its of no use",negative
Every sessions is productive and the prof never wastes time,positive
our university is very good but in terms of interaction of teachers wd students is not at all fair because they interact wd only students understands his/her teaching they don't make remaining students to understand the topic,negative
Overall the course content in this this course is horrible and has no practical relevance,negative
regarding the courses everything is good,positive
I have learned so much this semester and the quality of the lesson has been superb,positive
Group projects are well supervised and the instructor provides excellent guidance throughout,positive
library facilities provided are excellent,positive
I think electrotherapy practical should be of 2 hours.That's enough I think.Rest is fine.,neutral
The content is inadequate and the study materials provided are disappointing,negative
syllabus is more which required time ..it should b less so that student can proper concentrate getting the knowlegde instead of just covering the syllabusgood,negative
The the class are extremely boring and the professor shows no interest in teaching,negative
I could not understand a single the lesso this entire semester,negative
Teaching methodology is top-notch and the prof covers all topics clearly,positive
The teacher conducts course content thoroughly and makes every the class engaging,positive
Some of the teachers are not well experienced but they are interactive and helpful and punctual.,positive
good library facilities,positive
Some lectures are good some are not so much honestly hard to rate this this course,neutral
The faculty member explains material inadequately and students are always confused,negative
"good, teacher is delivery the lecture in the best way they can",positive
The classes are so boring I would rather watch paint dry honestly smh,negative
The classes are mediocre although the pace needs to be adjusted for most students,neutral
The assessment was average yet some questions felt slightly out of syllabus,neutral
The university schedule is mostly followed nevertheless occasional disruptions are still an issue,neutral
upto the mark,positive
I find the sessions very engaging and the faculty member uses very good examples,positive
The quiz tests what is taught although the level of difficulty varies quite significantly,neutral
I genuinely enjoy attending lectures because the faculty member makes even complex topics simple,positive
IP is provided to the students which is very helpful for the students.,positive
The lecturer covers syllabus wonderfully and makes every session engaging,positive
i dont think about,neutral
no comments. Because when you participiate you get reappear or backlog and no time is given for exam preparation,negative
Group projects are well supervised and the professor provides fantastic guidance throughout,positive
The grading is okay though the criteria could be made more transparent and clear,neutral
The department provides the basic academic requirements although does not go above and beyond,neutral
The material is comprehensive and the study materials provided are superb,positive
Required text books are not available to every student,negative
Its Quite Good,positive
I appreciate how the lecturer encourages questions and makes the classroom environment comfortable,positive
Evaluation method is gud.But the content is more to write in file,neutral
The lectures are so good I actually look forward to coming to university every day,positive
The examination system of the university is very impressive.The sitting plan of he students is made in such a way that no 2 students of same class give the exam in same room or even sometimes same blocks.Through this students also get to know and visit different blocks of the university.The checking is also fair .,positive
good,positive
as per the lab evaluation we r satisfied with  it,positive
increasing confidence,positive
"good it was knowledgeable,depth of the course is good,there is but proper course materials in only for some  subjects",positive
there are many oppertunities for students .. its all upon students about how they utilize them.,positive
The quiz was completely unfair and questions were unrelated to what was covered in classes,negative
The college provides terrible academic support and the faculty is completely unapproachable,negative
The instructor has domain knowledge although struggles to convey it effectively to students,neutral
The instructor covers the required content even so additional examples would help students,neutral
ok ok,positive
Extracurricular activities are good. It helps people to know their talent and build up their skills.,positive
All lectures are giving their best to teach the students,positive
Most classes are unproductive and the prof wastes enormous amounts of time,negative
I find the classes very engaging and the instructor uses top-notch examples,positive
lot of activities and students get exposure in games.,positive
good  but marks are not given properly,negative
PAPER CHECKING IS VERY HARD REMAINING IS GOOD,neutral
Most lectures are unproductive and the faculty member wastes enormous amounts of time,negative
That's good to have a negative marking pattern in exam but the time is not sufficient to do all the questions.,neutral
The grading is passable despite this the criteria could be made more transparent and clear,neutral
Some lectures are good some are not so much honestly hard to rate this the paper,neutral
Ngl this is the best the module I have had in my entire college life,positive
exam pattern and marks distribution is very well procedure,positive
I feel neither happy nor sad about this the subject as it has both its strengths and its weaknesses,neutral
best,positive
The prof explains material confusingly and students are always confused,negative
lab duration of 3 hours is very long .,negative
The homework deadlines are unrealistically tight and instructions are never clear,negative
Yes,positive
The assignment given are challenging t very interesting and promote deeper understanding,positive
"Returning the question paper after the exams to be expected,because to clear and clarify the doubts regarding particular subjects",negative
"Library facilities are good, it maintains silence there and makes good environment to study but sometimes it goes very strict which is not required according to me.",positive
Teaching methodology is dreadful and the prof rushes through topics badly,negative
hahahah,neutral
The curriculum is up to date and has strong practical relevance to industry requirements,positive
The prof delivers material carelessly and students are always confused,negative
teacher are punctual but they should also give us the some practical knowledge other than theortical,neutral
I find the the class very engaging and the faculty member uses top-notch examples,positive
I neither enjoy nor dread attending lectures as the quality varies significantly from session to session,neutral
The lab are passable on the other hand the equipment could be better maintained,neutral
Some of the teacher are un experienced. Also they are unfair and baised. Infact many of the teachers are having few or no experience about the subject,negative
"Discipline, punctuality , lecture delivery all are good but hv to do some work for quality of lecture",positive
Overall the course content in this the module is dreadful and has no practical relevance,negative
not every one is getting opportunities here only recommended students getting.,negative
Feedback on project exists although is too brief to be genuinely useful for improvement,neutral
I like it soo much,positive
The institution provides disappointing academic support and the faculty is completely unapproachable,negative
syllabus is not in debth,negative
The sessions are mediocre on the other hand the pace needs to be adjusted for most students,neutral
They are extraordinary,positive
All is good. no other university is so serious about the concept of practicals.,positive
course content is good,positive
they are good,positive
good enough,positive
MCQ pattern is quite good and efficient way for evolving students.,positive
I dread attending sessions because the prof makes every topic more confusing,negative
Average,neutral
The faculty member is mostly punctual even so sessions sometimes start a bit late,neutral
The department has awful infrastructure and basic facilities are not maintained,negative
No feedback is ever given on assignment which defeats the entire purpose of submitting them,negative
"super, the extracurricular activities held in university. So that student can show the efforts in other fields.",positive
The teacher is approachable enough however not always available when students need help,neutral
The internal was passable that said some questions felt slightly out of syllabus,neutral
I am somewhat satisfied with the way this course has been handled overall this semester,neutral
"Pattern is good ...marks distribution that includes ca,mt,et ,nd attendence all that is  little complicated",neutral
I am quite pleased with the way this class is being handled this semester,positive
The the lesson are alright I guess nothing special although nothing terrible either tbh,neutral
not good enough.. we want something more.,negative
Overall the course content in this this course is decent and covers the basic requirements,neutral
libary is giving a lot to us  but we are not getting it,neutral
I have learned almost nothing this semester and the quality of lectures has been unacceptable,negative
The teacher mentors students excellently and is always available for doubt clarification,positive
"University is very good at delivering proper lectures,also the interaction with students is descent. Sometimes the teachers lack in terms of punctuality but overall university is giving a good input.",positive
Awesome,positive
lab practical work can further be improved so that it can meet industrial standards,negative
The university provides disappointing academic support and the faculty is completely unapproachable,negative
all are hardworking and punctual,positive
I have learned so much this semester and the quality of sessions has been fantastic,positive
The sessions are alright I guess nothing special although nothing terrible either tbh,neutral
good but timings should be 24hrs,neutral
The prof conducts curriculum hastily and students are always confused,negative
"exam pattern is good, very well marks distribution and paper checking varies from faculty to faculty.",positive
Honestly the prof is top notch and always goes above and beyond for students,positive
It's good but we don't find the books because their are much less number of books,neutral
The professor is mostly punctual though the lesson sometimes start a bit late,neutral
The assessment questions are ambiguous and the grading process lacks complete transparency,negative
"I have never seen this type of examination,,,,,,,very GOOD  pattern",positive
"everything is good but when coming to some lectures who dont have a good grip on subject,they dont behave well with students and they dont even teach all the concepts in the subject.",negative
The evaluation is mediocre in difficulty even so feedback after results is almost nonexistent,neutral
labs are good but experiments are not very informative,neutral
It is statisfactory.,positive
The institution provides the basic academic requirements nevertheless does not go above and beyond,neutral
The lab session are adequate though the equipment could be better maintained,neutral
The evaluation tests what is taught however the level of difficulty varies quite significantly,neutral
The lab are adequate even so the equipment could be better maintained,neutral
The test is adequate in difficulty despite this feedback after results is almost nonexistent,neutral
